<?xml version="1.0" encoding="utf-8"?>
<odoo>
    <data noupdate="1">
        <record id="payment_payment_acquirer_yoco" model="payment.acquirer">
            <field name="name">Yoco</field>
            <!-- <field name="image" type="base64" file="payment_rave/static/src/img/flutterwave.png"/> -->
            <field name="provider">yoco</field>
            <field name="company_id" ref="base.main_company"/>
            <field name="view_template_id" ref="yoco_form"/>
            <!-- <field name="registration_view_template_id" ref="stripe_s2s_form"/> -->
            <!-- <field name="environment">test</field> -->
            <field name="pre_msg"><![CDATA[
                <p>You will be prompted with Yoco Payment page for payment information.</p>]]></field>
            <field name="description" type="html">
                    <p>
                        A payment gateway to accept online payments via Yoco.
                    </p>
                    <p>
                         <i class="fa fa-check"/>Online Payment
                        <i class="fa fa-check"/>eCommerce
                        <i class="fa fa-check"/>Invoicing
                        <i class="fa fa-check"/>Subscription
                        <i class="fa fa-check"/>Save Cards
                    </p>
                </field>
                    
        </record>
    </data>
</odoo>
